txn_id,category,amount,txn_date,status
1,Rent,20345,2025-01-10,Paid
2,Rent,19337,2025-01-25,Paid
3,Rent,21308,2025-01-05,Paid
4,Payroll,168369,2025-01-02,Paid
5,Payroll,158527,2025-01-19,Paid
6,Payroll,182802,2025-01-06,Paid
7,Marketing,34277,2025-01-08,Pending
8,Marketing,35244,2025-01-16,Paid
9,Marketing,43645,2025-01-19,Paid
10,Software,14002,2025-01-12,Paid
11,Software,9858,2025-01-03,Paid
12,Software,15012,2025-01-01,Pending
13,Travel,9062,2025-01-01,Paid
14,Travel,9269,2025-01-06,Paid
15,Travel,7052,2025-01-23,Paid
16,Rent,20631,2025-02-12,Paid
17,Rent,18638,2025-02-10,Pending
18,Rent,20290,2025-02-27,Paid
19,Payroll,165273,2025-02-12,Pending
20,Payroll,183404,2025-02-13,Paid
21,Payroll,154348,2025-02-12,Paid
22,Marketing,44235,2025-02-03,Pending
23,Marketing,30388,2025-02-14,Paid
24,Marketing,35302,2025-02-06,Paid
25,Software,11062,2025-02-11,Paid
26,Software,11747,2025-02-11,Paid
27,Software,11324,2025-02-09,Paid
28,Travel,13414,2025-02-19,Paid
29,Travel,4694,2025-02-10,Pending
30,Travel,11958,2025-02-08,Paid
31,Rent,18809,2025-03-19,Paid
32,Rent,19059,2025-03-23,Pending
33,Rent,19170,2025-03-24,Paid
34,Payroll,162800,2025-03-08,Paid
35,Payroll,191751,2025-03-12,Paid
36,Payroll,180296,2025-03-23,Pending
37,Marketing,33100,2025-03-22,Paid
38,Marketing,42935,2025-03-18,Paid
39,Marketing,38748,2025-03-11,Paid
40,Software,13254,2025-03-04,Paid
41,Software,11682,2025-03-02,Paid
42,Software,16160,2025-03-25,Paid
43,Travel,3520,2025-03-06,Paid
44,Travel,14099,2025-03-04,Paid
45,Travel,6432,2025-03-06,Paid
46,Rent,21921,2025-04-26,Paid
47,Rent,21535,2025-04-06,Paid
48,Rent,22811,2025-04-02,Paid
49,Payroll,193163,2025-04-10,Paid
50,Payroll,171228,2025-04-23,Paid
51,Payroll,176687,2025-04-23,Paid
52,Marketing,39888,2025-04-12,Paid
53,Marketing,43941,2025-04-03,Paid
54,Marketing,27341,2025-04-26,Paid
55,Software,11764,2025-04-26,Paid
56,Software,13190,2025-04-20,Paid
57,Software,15532,2025-04-14,Paid
58,Travel,4760,2025-04-27,Paid
59,Travel,7809,2025-04-01,Paid
60,Travel,13165,2025-04-10,Paid
61,Rent,19961,2025-05-15,Paid
62,Rent,20226,2025-05-26,Paid
63,Rent,21138,2025-05-02,Paid
64,Payroll,170165,2025-05-17,Pending
65,Payroll,177935,2025-05-06,Paid
66,Payroll,177472,2025-05-05,Paid
67,Marketing,21465,2025-05-26,Paid
68,Marketing,44122,2025-05-27,Paid
69,Marketing,37343,2025-05-10,Pending
70,Software,14615,2025-05-06,Pending
71,Software,8467,2025-05-03,Paid
72,Software,8855,2025-05-26,Paid
73,Travel,11254,2025-05-10,Paid
74,Travel,7787,2025-05-18,Paid
75,Travel,15662,2025-05-09,Paid
76,Rent,22295,2025-06-10,Paid
77,Rent,19223,2025-06-15,Paid
78,Rent,21122,2025-06-11,Paid
79,Payroll,176630,2025-06-20,Paid
80,Payroll,184234,2025-06-25,Paid
81,Payroll,176501,2025-06-26,Paid
82,Marketing,36841,2025-06-15,Paid
83,Marketing,24246,2025-06-27,Pending
84,Marketing,33200,2025-06-02,Paid
85,Software,10708,2025-06-21,Pending
86,Software,16076,2025-06-04,Paid
87,Software,10466,2025-06-18,Paid
88,Travel,10989,2025-06-02,Pending
89,Travel,3981,2025-06-23,Paid
90,Travel,10922,2025-06-10,Paid
91,Rent,21506,2025-07-21,Pending
92,Rent,22315,2025-07-01,Pending
93,Rent,20829,2025-07-12,Paid
94,Payroll,193145,2025-07-20,Paid
95,Payroll,169501,2025-07-13,Paid
96,Payroll,167214,2025-07-26,Paid
97,Marketing,38026,2025-07-16,Paid
98,Marketing,28352,2025-07-26,Paid
99,Marketing,43814,2025-07-19,Paid
100,Software,15833,2025-07-01,Paid
101,Software,15255,2025-07-01,Paid
102,Software,9684,2025-07-23,Paid
103,Travel,13307,2025-07-05,Pending
104,Travel,7838,2025-07-10,Pending
105,Travel,3291,2025-07-23,Paid
106,Rent,20517,2025-08-24,Paid
107,Rent,20964,2025-08-08,Paid
108,Rent,23184,2025-08-22,Pending
109,Payroll,204693,2025-08-18,Paid
110,Payroll,204002,2025-08-02,Pending
111,Payroll,187526,2025-08-12,Paid
112,Marketing,34971,2025-08-03,Paid
113,Marketing,41034,2025-08-10,Paid
114,Marketing,34044,2025-08-13,Paid
115,Software,11424,2025-08-15,Paid
116,Software,16594,2025-08-14,Pending
117,Software,14955,2025-08-27,Paid
118,Travel,11602,2025-08-04,Pending
119,Travel,16090,2025-08-28,Paid
120,Travel,7442,2025-08-17,Pending
121,Rent,20072,2025-09-15,Pending
122,Rent,19973,2025-09-16,Paid
123,Rent,20878,2025-09-26,Paid
124,Payroll,166997,2025-09-04,Pending
125,Payroll,198780,2025-09-13,Pending
126,Payroll,171267,2025-09-10,Pending
127,Marketing,41139,2025-09-12,Paid
128,Marketing,42840,2025-09-19,Paid
129,Marketing,26133,2025-09-24,Paid
130,Software,13375,2025-09-15,Pending
131,Software,12891,2025-09-18,Paid
132,Software,12236,2025-09-05,Paid
133,Travel,8844,2025-09-24,Paid
134,Travel,7968,2025-09-25,Paid
135,Travel,9793,2025-09-03,Paid
136,Rent,23795,2025-10-03,Pending
137,Rent,23869,2025-10-26,Paid
138,Rent,20807,2025-10-24,Paid
139,Payroll,176557,2025-10-19,Pending
140,Payroll,179300,2025-10-18,Paid
141,Payroll,169400,2025-10-06,Paid
142,Marketing,39622,2025-10-14,Paid
143,Marketing,46306,2025-10-23,Paid
144,Marketing,28604,2025-10-20,Paid
145,Software,12524,2025-10-18,Paid
146,Software,9868,2025-10-23,Pending
147,Software,14768,2025-10-13,Paid
148,Travel,8051,2025-10-12,Paid
149,Travel,5137,2025-10-23,Paid
150,Travel,14606,2025-10-25,Paid
151,Rent,24267,2025-11-04,Paid
152,Rent,21417,2025-11-01,Paid
153,Rent,20709,2025-11-28,Paid
154,Payroll,170358,2025-11-28,Pending
155,Payroll,166985,2025-11-16,Paid
156,Payroll,171606,2025-11-07,Paid
157,Marketing,41050,2025-11-26,Paid
158,Marketing,43024,2025-11-17,Paid
159,Marketing,30055,2025-11-20,Pending
160,Software,14922,2025-11-15,Pending
161,Software,10794,2025-11-18,Pending
162,Software,9812,2025-11-22,Pending
163,Travel,9234,2025-11-28,Paid
164,Travel,11534,2025-11-03,Paid
165,Travel,7095,2025-11-11,Paid
166,Rent,21588,2025-12-10,Pending
167,Rent,23499,2025-12-08,Pending
168,Rent,20297,2025-12-11,Paid
169,Payroll,205246,2025-12-10,Pending
170,Payroll,179583,2025-12-13,Paid
171,Payroll,202156,2025-12-14,Paid
172,Marketing,48886,2025-12-09,Paid
173,Marketing,25224,2025-12-21,Paid
174,Marketing,49409,2025-12-05,Paid
175,Software,14491,2025-12-17,Paid
176,Software,16483,2025-12-18,Paid
177,Software,14759,2025-12-14,Paid
178,Travel,10664,2025-12-16,Paid
179,Travel,5135,2025-12-17,Paid
180,Travel,6002,2025-12-04,Paid
181,Marketing,1250000,2025-06-15,Paid
6,Payroll,182802,2025-01-06,Paid
