appt_id,patient_name,doctor,department,status,fee,contact_email,visit_date
1,Diya Nair,Dr. Rao,Cardiology,No-show,1025,patient1@mail.com,2026-06-17
2,Uma Sharma,Dr. Menon,Orthopedics,Completed,1125,patient2@mail.com,2026-07-08
3,Kavya Singh,Dr. Das,Neurology,Cancelled,0,patient3@mail.com,2026-02-20
4,Meera Singh,Dr. Menon,Orthopedics,Completed,1225,patient4@mail.com,2026-06-15
5,Priya Iyer,Dr. Das,Neurology,No-show,1050,patient5@mail.com,2026-03-21
6,Uma Das,Dr. Rao,Cardiology,Completed,1625,patient6@mail.com,2026-05-13
7,Tarun Rao,Dr. Iyer,Cardiology,Cancelled,0,patient7@mail.com,2026-01-10
8,Tarun Rao,Dr. Das,Neurology,No-show,575,patient8@mail.com,2026-08-03
9,Pooja Gupta,Dr. Sen,Pediatrics,Completed,1225,patient9@mail.com,2026-01-01
10,Priya Nair,Dr. Sen,Pediatrics,Cancelled,0,patient10@mail.com,2026-03-15
11,Sana Nair,Dr. Das,Neurology,No-show,95000,patient11@mail.com,2026-07-14
12,Rohan Patel,Dr. Nair,Pediatrics,Completed,1025,patient12@mail.com,2026-06-21
13,Kabir Gupta,Dr. Menon,Orthopedics,Completed,1225,patient13@mail.com,2026-04-04
14,Kavya Sharma,Dr. Sen,Pediatrics,Completed,775,patient14@mail.com,2026-04-02
15,Vikram Sharma,Dr. Rao,Cardiology,Completed,900,patient15@mail.com,2026-01-06
16,Sana Singh,Dr. Das,Neurology,Cancelled,0,patient16@mail.com,2026-04-08
17,Sneha Nair,Dr. Das,Neurology,Completed,725,patient17@mail.com,2026-06-10
18,Meera Patel,Dr. Rao,Cardiology,Completed,1000,patient18@mail.com,2026-03-08
19,Diya Reddy,Dr. Sen,Pediatrics,No-show,1075,patient19@mail.com,2026-05-21
20,Priya Das,Dr. Nair,Pediatrics,Completed,725,patient20@mail.com,2026-08-14
21,Aarav Menon,Dr. Khan,Orthopedics,No-show,1050,patient21@mail.com,2026-04-27
22,Diya Rao,Dr. Khan,Orthopedics,No-show,1050,patient22@mail.com,2026-05-22
23,Tarun Menon,Dr. Khan,Orthopedics,Completed,775,patient23@mail.com,2026-01-06
24,Sneha Gupta,Dr. Das,Neurology,Completed,725,patient24@mail.com,2026-04-27
25,Kavya Sharma,Dr. Rao,Cardiology,Completed,1225,patient25@mail.com,2026-02-10
26,Vikram Menon,Dr. Iyer,Cardiology,Cancelled,0,patient26@mail.com,2026-06-23
27,Kabir Sharma,Dr. Menon,Orthopedics,Completed,875,patient27@mail.com,2026-07-28
28,Ananya Reddy,Dr. Nair,Pediatrics,No-show,725,patient28@mail.com,2026-02-04
29,Nikhil Menon,Dr. Sen,Pediatrics,Completed,1150,patient29@mail.com,2026-07-26
30,Sneha Sharma,Dr. Sen,Pediatrics,Completed,1125,patient30@mail.com,2026-01-18
31,Nikhil Reddy,Dr. Das,Neurology,No-show,1250,patient31@mail.com,2026-07-20
32,Aarav Patel,Dr. Nair,Pediatrics,Cancelled,0,patient32@mail.com,2026-03-15
33,Vikram Das,Dr. Nair,Pediatrics,Completed,1025,patient33@mail.com,2026-02-05
34,Rahul Iyer,Dr. Khan,Orthopedics,Completed,1125,patient34@mail.com,2026-04-17
35,Arjun Rao,Dr. Nair,Pediatrics,Cancelled,0,patient35@mail.com,2026-02-15
36,Sana Iyer,Dr. Rao,Cardiology,Completed,1600,patient36@mail.com,2026-08-12
37,Pooja Singh,Dr. Sen,Pediatrics,Completed,975,patient37@mail.com,2026-08-25
38,Vikram Das,Dr. Khan,Orthopedics,Completed,1025,patient38@mail.com,2026-05-03
39,Rohan Sharma,Dr. Rao,Cardiology,Completed,1150,patient39@mail.com,2026-02-19
40,Priya Gupta,Dr. Rao,Cardiology,Completed,1250,patient40@mail.com,2026-07-27
41,Kavya Iyer,Dr. Das,Neurology,Completed,1075,patient41@mail.com,2026-04-03
42,Ananya Rao,Dr. Rao,Cardiology,No-show,1075,patient42@mail.com,2026-08-21
43,Uma Nair,Dr. Das,Neurology,Completed,525,patient43@mail.com,2026-03-16
44,Tarun Singh,Dr. Nair,Pediatrics,Completed,825,patient44@mail.com,2026-07-22
45,Meera Das,Dr. Das,Neurology,No-show,800,patient45@mail.com,2026-02-26
46,Nikhil Iyer,Dr. Iyer,Cardiology,Completed,1000,patient46@mail.com,2026-02-17
47,Diya Sharma,Dr. Das,Neurology,Completed,800,patient47@mail.com,
48,Vikram Sharma,Dr. Das,Neurology,Completed,900,patient48@mail.com,2026-03-14
49,Meera Menon,Dr. Rao,Cardiology,Completed,1150,patient49@mail.com,2026-02-12
50,Ananya Sharma,Dr. Khan,Orthopedics,Completed,1250,patient50@mail.com,2026-06-05
51,Rohan Patel,Dr. Khan,Orthopedics,No-show,800,patient51@mail.com,2026-06-14
52,Vikram Reddy,Dr. Das,Neurology,Cancelled,0,patient52@mail.com,2026-02-03
53,Sneha Gupta,Dr. Das,Neurology,completed,625,patient53@mail.com,2026-02-23
54,Sana Menon,Dr. Iyer,Cardiology,Completed,925,patient54@mail.com,2026-04-23
55,Kabir Menon,Dr. Das,Neurology,No-show,875,patient55@mail.com,2026-06-12
56,Tarun Reddy,Dr. Sen,Pediatrics,No-show,1200,patient56@mail.com,2026-01-27
57,Ishaan Gupta,Dr. Khan,Orthopedics,No-show,800,patient57@mail.com,2026-02-03
58,Sana Menon,Dr. Khan,Orthopedics,Completed,1200,patient58@mail.com,2026-05-28
59,Uma Nair,Dr. Khan,Orthopedics,Completed,675,patient59@mail.com,2026-03-28
60,Pooja Das,Dr. Menon,Orthopedics,No-show,675,patient60@mail.com,2026-03-15
61,Nikhil Patel,Dr. Sen,Pediatrics,Completed,1200,patient61@mail.com,14/05/2026
62,Priya Singh,Dr. Menon,Orthopedics,Completed,1250,patient62@mail.com,2026-04-15
63,Kavya Iyer,Dr. Nair,Pediatrics,Completed,1050,patient63@mail.com,2026-06-07
64,Kabir Nair,Dr. Menon,Orthopedics,Completed,1150,patient64@mail.com,2026-01-28
65,Diya Patel,Dr. Das,Neurology,Completed,1000,patient65@mail.com,2026-06-22
66,Aarav Menon,Dr. Rao,Cardiology,Completed,1450,patient66@mail.com,2026-05-21
67,Rahul Iyer,Dr. Das,Neurology,Completed,650,patient67@mail.com,2026-01-14
68,Kabir Singh,Dr. Khan,Orthopedics,Completed,1250,patient68@mail.com,2026-07-10
69,Ishaan Iyer,Dr. Das,Neurology,Cancelled,0,patient69@mail.com,2026-05-09
70,Ananya Patel,Dr. Das,Neurology,No-show,925,patient70@mail.com,2026-07-04
71,Ananya Gupta,Dr. Khan,Orthopedics,Completed,1125,patient71@mail.com,2026-03-10
72,Rahul Singh,Dr. Iyer,Cardiology,Completed,1475,patient72@mail.com,2026-01-01
73,Vikram Reddy,Dr. Khan,Orthopedics,Cancelled,0,patient73@mail.com,2026-05-06
74,Aarav Menon,Dr. Rao,Cardiology,Completed,1075,patient74@mail.com,2026-04-24
75,Nikhil Nair,Dr. Iyer,Cardiology,Completed,1625,patient75@mail.com,2026-06-07
76,Arjun Singh,Dr. Menon,Orthopedics,No-show,1050,patient76@mail.com,2026-01-18
77,Priya Menon,Dr. Das,Neurology,Completed,650,patient77@mail.com,2026-03-14
78,Ishaan Singh,Dr. Khan,Orthopedics,Completed,600,patient78@mail.com,2026-08-01
79,Priya Singh,Dr. Das,Neurology,Cancelled,0,patient79@mail.com,2026-02-08
80,Meera Reddy,Dr. Nair,Pediatrics,No-show,575,patient80@mail.com,2026-05-19
81,Pooja Iyer,Dr. Das,Neurology,Completed,750,patient81@mail.com,2026-07-26
82,Kabir Iyer,Dr. Das,Neurology,Cancelled,0,patient82@mail.com,2026-06-01
83,Kavya Patel,Dr. Rao,Cardiology,Completed,1325,patient83@mail.com,2026-02-12
84,Sneha Singh,Dr. Khan,Orthopedics,Cancelled,0,patient84@mail.com,2026-02-28
85,Tarun Das,Dr. Das,Neurology,Completed,1075,patient85@mail.com,2026-04-22
86,Meera Nair,Dr. Rao,Cardiology,Completed,1100,patient86@mail.com,2026-03-04
87,Aarav Rao,Dr. Iyer,Cardiology,Completed,1275,patient87@mail.com,2026-01-16
88,Ananya Nair,Dr. Menon,Orthopedics,Completed,1125,patient88@mail.com,2026-06-06
89,Arjun Iyer,Dr. Das,Neurology,Completed,1225,patient89@mail.com,2026-03-20
90,Rohan Gupta,Dr. Nair,Pediatrics,No-show,1075,patient90@mail.com,2026-08-10
91,Ishaan Rao,Dr. Iyer,Cardiology,No-show,1075,patient91@mail.com,2026-04-18
92,Kavya Nair,Dr. Iyer,Cardiology,No-show,1050,patient92@mail.com,2026-04-21
93,Uma Gupta,Dr. Iyer,Cardiology,Completed,1475,patient93@mail.com,2026-02-28
94,Meera Iyer,Dr. Das,Neurology,Completed,925,patient94@mail.com,
95,Ananya Gupta,Dr. Nair,Pediatrics,No-show,525,patient95@mail.com,2026-01-21
96,Rahul Reddy,Dr. Nair,Pediatrics,Cancelled,0,patient96@mail.com,2026-01-05
97,Pooja Patel,Dr. Rao,Cardiology,Completed,1275,patient97@mail.com,2026-01-17
98,Kabir Sharma,Dr. Das,Neurology,Completed,800,patient98@mail.com,2026-04-20
99,Aarav Patel,Dr. Das,Neurology,Completed,1000,patient99@mail.com,2026-03-20
100,Vikram Reddy,Dr. Nair,Pediatrics,Completed,725,patient100@mail.com,2026-04-05
101,Pooja Menon,Dr. Das,Neurology,No-show,925,patient101@mail.com,2026-03-01
102,Aarav Iyer,Dr. Das,Neurology,Completed,1050,patient102@mail.com,2026-02-06
103,Tarun Iyer,Dr. Das,Neurology,Completed,600,patient103@mail.com,2026-02-06
104,Aarav Das,Dr. Rao,Cardiology,No-show,1150,patient104@mail.com,2026-06-18
105,Kabir Reddy,Dr. Sen,Pediatrics,Cancelled,0,patient105@mail.com,2026-01-05
106,Sneha Iyer,Dr. Sen,Pediatrics,no-show,900,patient106@mail.com,2026-07-11
107,Ishaan Das,Dr. Rao,Cardiology,Completed,1475,patient107@mail.com,2026-06-15
108,Priya Sharma,Dr. Rao,Cardiology,No-show,925,patient108@mail.com,2026-05-11
109,Vikram Reddy,Dr. Das,Neurology,Cancelled,0,patient109@mail.com,2026-04-18
110,Rohan Das,Dr. Nair,Pediatrics,Completed,750,patient110@mail.com,2026-02-12
111,Rahul Iyer,Dr. Sen,Pediatrics,Cancelled,0,patient111@mail.com,2026-02-13
112,Tarun Nair,Dr. Menon,Orthopedics,Completed,825,patient112@mail.com,2026-06-24
113,Tarun Menon,Dr. Khan,Orthopedics,No-show,850,patient113@mail.com,2026-02-04
114,Vikram Patel,Dr. Khan,Orthopedics,Completed,1150,patient114@mail.com,2026-02-04
115,Kavya Sharma,Dr. Das,Neurology,Completed,625,patient115@mail.com,2026-08-27
116,Tarun Das,Dr. Sen,Pediatrics,Completed,1075,patient116@mail.com,2026-04-04
117,Rohan Rao,Dr. Das,Neurology,No-show,850,patient117@mail.com,2026-01-19
118,Arjun Patel,Dr. Nair,Pediatrics,No-show,750,patient118@mail.com,2026-02-21
119,Ananya Das,Dr. Khan,Orthopedics,Cancelled,0,patient119@mail.com,2026-07-19
120,Diya Singh,Dr. Rao,Cardiology,Cancelled,0,patient120@mail.com,2026-04-03
121,Rahul Patel,Dr. Khan,Orthopedics,Cancelled,0,patient121@mail.com,2026-04-15
122,Meera Reddy,Dr. Menon,Orthopedics,Cancelled,0,patient122@mail.com,03/08/2026
123,Priya Rao,Dr. Rao,Cardiology,Completed,1350,patient123@mail.com,2026-05-18
124,Sana Sharma,Dr. Das,Neurology,Completed,775,patient124@mail.com,2026-03-14
125,Uma Reddy,Dr. Menon,Orthopedics,Completed,775,patient125@mail.com,2026-03-07
126,Meera Reddy,Dr. Das,Neurology,Completed,1200,patient126@mail.com,2026-08-28
127,Diya Iyer,Dr. Nair,Pediatrics,Completed,1075,patient127@mail.com,2026-03-19
128,Kabir Nair,Dr. Menon,Orthopedics,Completed,550,patient128@mail.com,2026-01-25
129,Ishaan Iyer,Dr. Iyer,Cardiology,Cancelled,0,patient129@mail.com,2026-05-18
130,Arjun Menon,Dr. Das,Neurology,Completed,1225,patient130@mail.com,2026-02-24
131,Sana Nair,Dr. Menon,Orthopedics,Completed,675,patient131@mail.com,2026-04-12
132,Meera Sharma,Dr. Das,Neurology,Cancelled,0,patient132@mail.com,2026-07-26
133,Arjun Menon,Dr. Das,Neurology,No-show,1175,patient133@mail.com,2026-06-04
134,Tarun Iyer,Dr. Das,Neurology,Completed,925,patient134@mail.com,2026-04-20
135,Vikram Reddy,Dr. Iyer,Cardiology,No-show,1425,patient135@mail.com,2026-04-26
136,Pooja Reddy,Dr. Khan,Orthopedics,Completed,675,patient136@mail.com,2026-08-22
137,Arjun Das,Dr. Das,Neurology,Completed,1250,patient137@mail.com,2026-04-05
138,Sneha Gupta,Dr. Iyer,Cardiology,No-show,1100,patient138@mail.com,2026-03-07
139,Nikhil Nair,Dr. Nair,Pediatrics,Completed,675,patient139@mail.com,2026-03-20
140,Meera Patel,Dr. Nair,Pediatrics,Completed,625,patient140@mail.com,2026-08-13
141,Pooja Gupta,Dr. Das,Neurology,Completed,925,patient141@mail.com,
142,Tarun Nair,Dr. Menon,Orthopedics,Completed,1150,patient142@mail.com,2026-02-13
143,Rahul Patel,Dr. Khan,Orthopedics,No-show,625,patient143@mail.com,2026-05-10
144,Nikhil Das,Dr. Iyer,Cardiology,Completed,1550,patient144@mail.com,2026-01-11
145,Kavya Patel,Dr. Rao,Cardiology,Completed,1375,patient145@mail.com,2026-03-15
146,Arjun Gupta,Dr. Khan,Orthopedics,No-show,1125,patient146@mail.com,2026-02-08
147,Tarun Sharma,Dr. Iyer,Cardiology,Completed,1025,patient147@mail.com,2026-01-07
148,Kavya Iyer,Dr. Nair,Pediatrics,Completed,1025,patient148@mail.com,2026-05-13
149,Sneha Menon,Dr. Iyer,Cardiology,Completed,925,patient149@mail.com,2026-07-04
150,Uma Singh,Dr. Das,Neurology,Completed,550,patient150@mail.com,2026-04-04
151,Priya Gupta,Dr. Das,Neurology,Completed,1075,patient151@mail.com,2026-02-19
152,Nikhil Singh,Dr. Menon,Orthopedics,Completed,875,patient152@mail.com,2026-08-28
153,Vikram Das,Dr. Khan,Orthopedics,Cancelled,0,patient153@mail.com,2026-08-11
154,Aarav Sharma,Dr. Khan,Orthopedics,Cancelled,0,patient154@mail.com,2026-02-01
155,Pooja Singh,Dr. Iyer,Cardiology,Completed,1125,patient155@mail.com,2026-07-04
156,Nikhil Menon,Dr. Nair,Pediatrics,Completed,775,patient156@mail.com,2026-03-01
157,Kavya Iyer,Dr. Das,Neurology,Completed,800,patient157@mail.com,2026-03-13
158,Sneha Sharma,Dr. Das,Neurology,No-show,1200,patient158@mail.com,2026-04-27
159,Kavya Singh,Dr. Khan,Orthopedics,no-show,1175,patient159@mail.com,2026-04-09
160,Nikhil Singh,Dr. Rao,Cardiology,No-show,1425,patient160@mail.com,2026-07-01
161,Diya Reddy,Dr. Das,Neurology,Completed,1225,patient161@mail.com,2026-06-22
162,Sneha Reddy,Dr. Menon,Orthopedics,No-show,525,patient162@mail.com,2026-03-26
163,Rohan Das,Dr. Nair,Pediatrics,Completed,900,patient163@mail.com,2026-08-05
164,Ishaan Sharma,Dr. Sen,Pediatrics,No-show,850,patient164@mail.com,2026-05-05
165,Aarav Nair,Dr. Sen,Pediatrics,Completed,650,patient165@mail.com,2026-02-06
166,Pooja Singh,Dr. Das,Neurology,No-show,875,patient166@mail.com,2026-01-03
167,Ananya Gupta,Dr. Nair,Pediatrics,Completed,1225,patient167@mail.com,2026-04-27
168,Sana Rao,Dr. Das,Neurology,Completed,900,patient168@mail.com,2026-01-02
169,Vikram Gupta,Dr. Sen,Pediatrics,Completed,1225,patient169@mail.com,2026-02-26
170,Tarun Sharma,Dr. Das,Neurology,No-show,950,patient170@mail.com,2026-08-08
171,Sana Rao,Dr. Nair,Pediatrics,Completed,875,patient171@mail.com,2026-04-04
172,Meera Singh,Dr. Das,Neurology,Completed,575,patient172@mail.com,2026-02-02
173,Diya Das,Dr. Sen,Pediatrics,No-show,1025,patient173@mail.com,2026-07-07
174,Arjun Das,Dr. Rao,Cardiology,Completed,1500,patient174@mail.com,2026-04-25
175,Rohan Menon,Dr. Iyer,Cardiology,No-show,1125,patient175@mail.com,2026-07-14
176,Kabir Nair,Dr. Sen,Pediatrics,No-show,850,patient176@mail.com,2026-03-10
177,Uma Patel,Dr. Menon,Orthopedics,Completed,975,patient177@mail.com,2026-08-25
178,Pooja Rao,Dr. Khan,Orthopedics,Cancelled,0,patient178@mail.com,2026-05-08
179,Kavya Iyer,Dr. Sen,Pediatrics,Completed,1075,patient179@mail.com,2026-05-20
180,Kabir Singh,Dr. Iyer,Cardiology,Cancelled,0,patient180@mail.com,2026-03-22
181,Kavya Nair,Dr. Das,Neurology,Cancelled,0,patient181@mail.com,2026-02-15
182,Priya Das,Dr. Iyer,Cardiology,Completed,1650,patient182@mail.com,2026-05-19
183,Priya Iyer,Dr. Das,Neurology,No-show,1100,patient183@mail.com,16/08/2026
184,Nikhil Sharma,Dr. Menon,Orthopedics,Cancelled,0,patient184@mail.com,2026-07-18
185,Tarun Das,Dr. Menon,Orthopedics,Completed,500,patient185@mail.com,2026-05-05
186,Arjun Menon,Dr. Rao,Cardiology,Completed,1650,patient186@mail.com,2026-06-08
187,Aarav Iyer,Dr. Rao,Cardiology,Completed,1000,patient187@mail.com,2026-08-27
188,Priya Sharma,Dr. Das,Neurology,No-show,1025,patient188@mail.com,
189,Arjun Rao,Dr. Sen,Pediatrics,No-show,850,patient189@mail.com,2026-08-08
190,Priya Reddy,Dr. Khan,Orthopedics,Completed,800,patient190@mail.com,2026-02-27
191,Rohan Menon,Dr. Das,Neurology,Cancelled,0,patient191@mail.com,2026-08-10
192,Rahul Rao,Dr. Menon,Orthopedics,Cancelled,0,patient192@mail.com,2026-07-20
193,Kavya Sharma,Dr. Das,Neurology,Completed,600,patient193@mail.com,2026-07-13
194,Vikram Sharma,Dr. Menon,Orthopedics,Completed,500,patient194@mail.com,2026-01-06
195,Diya Rao,Dr. Menon,Orthopedics,Completed,1125,patient195@mail.com,2026-07-24
196,Rahul Sharma,Dr. Rao,Cardiology,Completed,1600,patient196@mail.com,2026-01-10
197,Tarun Singh,Dr. Iyer,Cardiology,Completed,1300,patient197@mail.com,2026-08-25
198,Sana Patel,Dr. Khan,Orthopedics,Cancelled,0,patient198@mail.com,2026-05-17
199,Aarav Iyer,Dr. Nair,Pediatrics,Completed,850,patient199@mail.com,2026-04-18
200,Vikram Singh,Dr. Iyer,Cardiology,Completed,1400,patient200@mail.com,2026-04-06
201,Nikhil Rao,Dr. Das,Neurology,Completed,500,patient201@mail.com,2026-08-21
202,Tarun Iyer,Dr. Nair,Pediatrics,Cancelled,0,patient202@mail.com,2026-08-07
203,Nikhil Sharma,Dr. Das,Neurology,Completed,675,patient203@mail.com,2026-04-27
204,Priya Iyer,Dr. Menon,Orthopedics,Completed,800,patient204@mail.com,2026-06-19
205,Sneha Reddy,Dr. Khan,Orthopedics,No-show,550,patient205@mail.com,2026-06-08
206,Tarun Nair,Dr. Nair,Pediatrics,No-show,775,patient206@mail.com,2026-08-25
207,Arjun Gupta,Dr. Rao,Cardiology,Completed,1175,patient207@mail.com,2026-02-16
208,Pooja Rao,Dr. Iyer,Cardiology,Completed,1100,patient208@mail.com,2026-01-20
209,Priya Sharma,Dr. Iyer,Cardiology,Completed,1325,patient209@mail.com,2026-05-18
210,Rahul Rao,Dr. Das,Neurology,Cancelled,0,patient210@mail.com,2026-04-23
211,Sneha Rao,Dr. Das,Neurology,Completed,1250,patient211@mail.com,2026-07-07
212,Uma Patel,Dr. Iyer,Cardiology,cancelled,0,patient212@mail.com,2026-03-04
213,Tarun Rao,Dr. Sen,Pediatrics,Completed,1200,patient213@mail.com,2026-08-10
214,Pooja Das,Dr. Khan,Orthopedics,No-show,725,patient214@mail.com,2026-01-16
215,Vikram Iyer,Dr. Khan,Orthopedics,Cancelled,0,patient215@mail.com,2026-04-05
216,Sana Iyer,Dr. Das,Neurology,Completed,925,patient216@mail.com,2026-02-02
217,Rahul Sharma,Dr. Menon,Orthopedics,Completed,1175,patient217@mail.com,2026-02-18
218,Sneha Sharma,Dr. Nair,Pediatrics,Completed,825,patient218@mail.com,2026-05-27
219,Pooja Singh,Dr. Das,Neurology,Completed,1200,patient219@mail.com,2026-01-05
220,Pooja Singh,Dr. Khan,Orthopedics,Completed,625,patient220@mail.com,2026-07-25
221,Ishaan Das,Dr. Sen,Pediatrics,Completed,925,patient221@mail.com,2026-01-02
222,Meera Reddy,Dr. Khan,Orthopedics,No-show,825,patient222@mail.com,2026-03-23
223,Sana Reddy,Dr. Das,Neurology,No-show,1250,patient223@mail.com,2026-02-21
224,Arjun Reddy,Dr. Rao,Cardiology,Completed,1425,patient224@mail.com,2026-07-15
225,Priya Patel,Dr. Nair,Pediatrics,Completed,625,patient225@mail.com,2026-02-23
226,Diya Iyer,Dr. Menon,Orthopedics,No-show,1225,patient226@mail.com,2026-03-11
227,Pooja Singh,Dr. Das,Neurology,Completed,775,patient227@mail.com,2026-07-23
228,Ananya Sharma,Dr. Sen,Pediatrics,Completed,725,patient228@mail.com,2026-03-03
229,Kabir Das,Dr. Sen,Pediatrics,Completed,900,patient229@mail.com,2026-02-03
230,Aarav Rao,Dr. Iyer,Cardiology,No-show,1200,patient230@mail.com,2026-05-18
231,Nikhil Rao,Dr. Das,Neurology,Completed,650,patient231@mail.com,2026-01-19
232,Nikhil Patel,Dr. Sen,Pediatrics,Completed,600,patient232@mail.com,2026-04-27
233,Vikram Rao,Dr. Sen,Pediatrics,Completed,1075,patient233@mail.com,2026-07-25
234,Ananya Gupta,Dr. Rao,Cardiology,Completed,950,patient234@mail.com,2026-07-23
235,Diya Reddy,Dr. Das,Neurology,Completed,575,patient235@mail.com,
236,Meera Patel,Dr. Iyer,Cardiology,No-show,1000,patient236@mail.com,2026-02-18
237,Meera Menon,Dr. Rao,Cardiology,Cancelled,0,patient237@mail.com,2026-04-24
238,Priya Gupta,Dr. Menon,Orthopedics,Completed,1050,patient238@mail.com,2026-07-24
239,Rohan Gupta,Dr. Rao,Cardiology,Cancelled,0,patient239@mail.com,2026-03-03
240,Sana Sharma,Dr. Sen,Pediatrics,Cancelled,0,patient240@mail.com,2026-01-27
4,Meera Singh,Dr. Menon,Orthopedics,Completed,1225,patient4@mail.com,2026-06-15
