order_id,customer_name,product_category,units,revenue,order_date,region
1,Meera Das,Groceries,4,5377,2026-01-24,East
2,Meera Das,Electronics,3,126497,2026-01-13,East
3,Kabir Das,Furniture,3,86197,2026-01-08,West
4,Diya Gupta,Groceries,1,360,2026-01-15,East
5,Rahul Patel,Electronics,1,39019,2026-01-25,North
6,Kabir Singh,Clothing,3,8054,2026-01-08,East
7,Ishaan Menon,Groceries,5,2229,2026-01-21,South
8,Ishaan Menon,Groceries,4,649,2026-01-08,West
9,Nikhil Gupta,Electronics,1,17429,2026-01-01,West
10,Rohan Menon,Groceries,3,2271,2026-01-21,North
11,Ishaan Menon,Clothing,5,18238,2026-01-14,East
12,Sana Rao,Furniture,4,97524,2026-01-22,North
13,Aarav Patel,Electronics,2,51755,2026-01-12,North
14,Diya Singh,Furniture,2,49586,2026-01-14,West
15,Aarav Rao,Groceries,5,3254,2026-01-24,East
16,Uma Iyer,Clothing,2,3841,2026-01-19,South
17,Kabir Nair,Furniture,5,149634,2026-01-16,South
18,Ishaan Rao,Clothing,5,11643,2026-01-03,North
19,Nikhil Menon,Furniture,2,17229,2026-02-21,West
20,Priya Nair,Clothing,3,4402,2026-02-09,East
21,Nikhil Reddy,Furniture,2,55802,2026-02-24,North
22,Pooja Rao,Furniture,5,141570,2026-02-25,North
23,Ananya Sharma,Electronics,2,89775,2026-02-26,South
24,Pooja Iyer,Clothing,1,2122,2026-02-09,East
25,Meera Gupta,Groceries,5,3853,2026-02-25,West
26,Tarun Menon,Electronics,1,53146,2026-02-21,West
27,Nikhil Gupta,Groceries,4,915,2026-02-14,North
28,Uma Das,Furniture,4,57757,2026-02-09,South
29,Diya Rao,Furniture,1,29977,2026-02-12,East
30,Diya Menon,Groceries,3,2958,2026-02-06,South
31,Meera Gupta,Groceries,2,510,2026-02-18,South
32,Ishaan Rao,Furniture,5,36322,2026-02-17,North
33,Rahul Singh,Clothing,2,3952,2026-02-04,South
34,Pooja Iyer,Electronics,1,44036,2026-02-01,West
35,Ananya Iyer,Electronics,5,112408,2026-02-06,East
36,Meera Nair,Groceries,4,3245,2026-02-20,North
37,Tarun Sharma,Electronics,4,92758,2026-03-06,East
38,Ishaan Sharma,Electronics,2,96823,2026-03-07,South
39,Meera Singh,Furniture,5,65741,2026-03-25,East
40,Rohan Das,Groceries,2,1743,2026-03-05,East
41,Ananya Das,Furniture,1,22173,2026-03-12,South
42,Rohan Sharma,Groceries,2,2230,2026-03-13,East
43,Nikhil Menon,Groceries,5,4102,2026-03-16,East
44,Nikhil Singh,Furniture,5,42077,2026-03-16,West
45,Ishaan Iyer,Clothing,4,5258,2026-03-26,East
46,Rahul Menon,Electronics,3,163703,2026-03-27,West
47,Aarav Singh,Clothing,4,13068,2026-03-14,East
48,Rohan Rao,Groceries,2,2137,2026-03-26,South
49,Diya Singh,Groceries,4,4062,2026-03-21,West
50,Sneha Nair,Groceries,4,3596,2026-03-16,East
51,Meera Nair,Furniture,3,65120,2026-03-08,South
52,Kavya Das,Furniture,3,78928,2026-03-16,North
53,Rahul Das,Clothing,5,15874,2026-03-24,West
54,Vikram Menon,Clothing,2,3000,2026-03-21,West
55,Tarun Iyer,Groceries,1,940,2026-04-13,South
56,Rahul Reddy,Furniture,5,65410,2026-04-21,North
57,Kavya Sharma,Clothing,4,17099,2026-04-04,South
58,Kabir Nair,Furniture,4,95977,2026-04-28,West
59,Priya Nair,Groceries,5,7425,2026-04-01,West
60,Diya Rao,Electronics,5,322024,2026-04-12,West
61,Uma Singh,Clothing,1,973,2026-04-07,North
62,Vikram Rao,Electronics,3,77818,2026-04-24,South
63,Priya Reddy,Furniture,5,139428,2026-04-08,East
64,Rohan Das,Groceries,1,343,2026-04-21,South
65,Rahul Menon,Electronics,1,26010,2026-04-04,West
66,Vikram Singh,Furniture,4,85432,2026-04-20,South
67,Aarav Menon,Electronics,1,54982,2026-04-01,North
68,Aarav Iyer,Groceries,4,5378,2026-04-13,East
69,Uma Gupta,Electronics,3,47920,2026-04-21,East
70,Kavya Menon,Groceries,2,2752,2026-04-19,South
71,Nikhil Das,Electronics,2,81065,2026-04-23,South
72,Vikram Menon,Clothing,5,17048,2026-04-07,South
73,Sana Gupta,Furniture,2,51779,2026-05-14,North
74,Rohan Singh,Groceries,2,667,2026-05-27,South
75,Sneha Gupta,Electronics,2,75434,2026-05-14,West
76,Aarav Iyer,Clothing,5,11902,2026-05-08,South
77,Pooja Gupta,Clothing,4,15387,2026-05-18,East
78,Arjun Rao,Clothing,2,2264,2026-05-08,South
79,Ishaan Iyer,Groceries,2,486,2026-05-07,North
80,Rohan Singh,Clothing,5,21918,2026-05-02,East
81,Ishaan Reddy,Electronics,1,58110,2026-05-09,West
82,Arjun Nair,Furniture,4,76890,2026-05-21,West
83,Diya Nair,Furniture,5,132121,2026-05-17,North
84,Sana Singh,Furniture,5,107905,2026-05-13,East
85,Tarun Iyer,Electronics,3,171722,2026-05-20,West
86,Ananya Patel,Furniture,1,10278,2026-05-24,West
87,Uma Sharma,Clothing,2,1855,2026-05-18,South
88,Priya Reddy,Electronics,1,45179,2026-05-13,North
89,Nikhil Nair,Electronics,5,192572,2026-05-13,North
90,Arjun Das,Groceries,1,329,2026-05-25,East
91,Pooja Iyer,Clothing,2,6057,2026-06-28,South
92,Pooja Reddy,Furniture,5,68701,2026-06-04,North
93,Pooja Patel,Furniture,4,50991,2026-06-04,North
94,Rohan Menon,Electronics,1,65397,2026-06-09,West
95,Priya Rao,Furniture,4,54033,2026-06-10,West
96,Diya Singh,Clothing,5,14342,2026-06-21,North
97,Aarav Menon,Clothing,2,7020,2026-06-06,East
98,Kabir Nair,Electronics,2,55424,2026-06-16,South
99,Ananya Iyer,Furniture,1,19692,2026-06-03,North
100,Pooja Patel,Furniture,2,21979,2026-06-02,South
101,Rohan Patel,Clothing,2,1380,2026-06-28,East
102,Ananya Das,Furniture,3,63259,2026-06-26,South
103,Rahul Rao,Clothing,2,4603,2026-06-10,West
104,Arjun Gupta,Furniture,1,33169,2026-06-10,West
105,Ananya Reddy,Clothing,2,7181,2026-06-09,East
106,Vikram Singh,Furniture,4,107802,2026-06-17,South
107,Arjun Menon,Electronics,1,56120,2026-06-07,South
108,Kavya Patel,Clothing,3,2658,2026-06-09,North
109,Kabir Iyer,Clothing,5,6737,2026-07-26,North
110,Sneha Nair,Furniture,2,12900,2026-07-02,East
111,Tarun Sharma,Furniture,3,36697,2026-07-08,East
112,Tarun Reddy,Clothing,1,863,2026-07-14,South
113,Sneha Sharma,Furniture,4,23981,2026-07-10,South
114,Tarun Menon,Clothing,1,3390,2026-07-04,South
115,Sneha Reddy,Groceries,1,535,2026-07-22,East
116,Pooja Sharma,Groceries,5,4583,2026-07-09,South
117,Vikram Menon,Groceries,5,1710,2026-07-02,West
118,Priya Singh,Furniture,1,6182,2026-07-25,West
119,Kavya Das,Groceries,2,1516,2026-07-09,North
120,Arjun Rao,Furniture,1,32301,2026-07-08,South
121,Sana Gupta,Furniture,3,35872,2026-07-08,South
122,Arjun Patel,Clothing,3,4863,2026-07-24,North
123,Tarun Reddy,Clothing,5,16313,2026-07-21,East
124,Nikhil Menon,Clothing,4,3931,2026-07-18,North
125,Nikhil Menon,Groceries,5,1037,2026-07-09,South
126,Kabir Reddy,Furniture,3,54416,2026-07-06,West
127,Pooja Nair,Clothing,4,13642,2026-08-24,North
128,Ananya Gupta,Furniture,4,138188,2026-08-19,East
129,Vikram Sharma,Electronics,1,48524,2026-08-17,North
130,Priya Iyer,Furniture,5,39214,2026-08-27,East
131,Arjun Sharma,Electronics,4,115156,2026-08-15,East
132,Kavya Singh,Groceries,1,1460,2026-08-13,West
133,Kavya Nair,Groceries,1,686,2026-08-05,East
134,Priya Patel,Clothing,1,2806,2026-08-13,South
135,Ishaan Patel,Clothing,1,1409,2026-08-27,West
136,Kavya Patel,Furniture,3,48539,2026-08-20,South
137,Rohan Sharma,Groceries,2,1144,2026-08-09,East
138,Arjun Patel,Clothing,2,3338,2026-08-16,West
139,Rahul Iyer,Groceries,5,7842,2026-08-03,West
140,Kavya Patel,Electronics,3,190147,2026-08-05,South
141,Vikram Reddy,Furniture,4,42874,2026-08-09,South
142,Ananya Rao,Clothing,4,7981,2026-08-12,North
143,Arjun Gupta,Groceries,2,1385,2026-08-26,North
144,Nikhil Gupta,Clothing,4,18138,2026-08-11,East
145,Sana Rao,Furniture,3,27524,2026-09-23,North
146,Tarun Iyer,Electronics,2,115652,2026-09-14,West
147,Sneha Nair,Electronics,4,276899,2026-09-18,North
148,Sana Das,Groceries,1,1136,2026-09-03,East
149,Sneha Rao,Groceries,2,3493,2026-09-05,West
150,Uma Patel,Clothing,1,1664,2026-09-14,East
151,Sneha Singh,Electronics,4,146259,2026-09-28,East
152,Rohan Menon,Groceries,4,4229,2026-09-09,West
153,Vikram Rao,Electronics,5,206937,2026-09-17,South
154,Aarav Das,Clothing,3,13565,2026-09-07,North
155,Arjun Singh,Groceries,1,308,2026-09-02,South
156,Kabir Gupta,Furniture,2,70177,2026-09-08,West
157,Ishaan Das,Groceries,3,1473,2026-09-07,North
158,Rahul Gupta,Electronics,2,35619,2026-09-19,North
159,Kavya Singh,Furniture,5,134390,2026-09-23,North
160,Tarun Menon,Furniture,4,74548,2026-09-12,West
161,Rahul Nair,Furniture,5,131257,2026-09-16,West
162,Aarav Gupta,Furniture,5,85810,2026-09-17,East
163,Uma Menon,Groceries,1,882,2026-10-09,North
164,Aarav Gupta,Electronics,2,37226,2026-10-03,East
165,Meera Nair,Electronics,3,211162,2026-10-04,North
166,Kavya Patel,Furniture,5,117354,2026-10-18,East
167,Sana Menon,Clothing,2,1351,2026-10-19,East
168,Kabir Das,Clothing,1,4790,2026-10-24,North
169,Meera Nair,Clothing,4,3758,2026-10-12,North
170,Vikram Gupta,Electronics,1,23819,2026-10-19,West
171,Sneha Rao,Groceries,1,1631,2026-10-22,South
172,Uma Nair,Furniture,3,69876,2026-10-13,West
173,Ishaan Menon,Furniture,4,112613,2026-10-16,South
174,Nikhil Patel,Furniture,5,117540,2026-10-26,West
175,Ishaan Iyer,Furniture,1,7350,2026-10-13,South
176,Meera Rao,Groceries,1,524,2026-10-28,South
177,Priya Patel,Clothing,3,14191,2026-10-20,South
178,Arjun Rao,Groceries,2,2606,2026-10-26,East
179,Aarav Patel,Groceries,4,6408,2026-10-22,North
180,Sana Sharma,Electronics,4,88032,2026-10-12,North
181,Tarun Nair,Clothing,4,7110,2026-11-02,North
182,Rohan Patel,Electronics,2,76660,2026-11-11,North
183,Nikhil Nair,Groceries,4,1020,2026-11-22,North
184,Rahul Rao,Electronics,3,198054,2026-11-04,South
185,Diya Patel,Groceries,3,985,2026-11-21,North
186,Kavya Gupta,Clothing,3,13831,2026-11-02,East
187,Meera Patel,Furniture,1,26271,2026-11-27,West
188,Aarav Iyer,Clothing,2,3009,2026-11-13,North
189,Diya Gupta,Electronics,1,39646,2026-11-14,East
190,Kavya Das,Groceries,3,739,2026-11-09,West
191,Sneha Sharma,Groceries,5,3599,2026-11-12,West
192,Sana Sharma,Groceries,2,1715,2026-11-24,West
193,Arjun Menon,Groceries,4,2689,2026-11-07,North
194,Priya Menon,Clothing,5,5807,2026-11-11,West
195,Ishaan Iyer,Furniture,1,12254,2026-11-10,East
196,Ananya Iyer,Furniture,3,88524,2026-11-06,South
197,Kavya Menon,Electronics,5,147474,2026-11-15,North
198,Vikram Nair,Clothing,3,8125,2026-11-25,West
199,Kavya Gupta,Electronics,5,354640,2026-12-02,South
200,Ananya Gupta,Groceries,5,9089,2026-12-24,South
201,Kavya Iyer,Furniture,3,42174,2026-12-27,North
202,Diya Iyer,Electronics,1,12097,2026-12-19,East
203,Rohan Nair,Clothing,5,16250,2026-12-05,West
204,Tarun Singh,Groceries,1,965,2026-12-28,North
205,Uma Rao,Furniture,3,99960,2026-12-20,East
206,Ananya Sharma,Electronics,5,299206,2026-12-21,West
207,Ananya Reddy,Electronics,4,108936,2026-12-10,North
208,Ishaan Nair,Groceries,2,3276,2026-12-07,South
209,Rahul Nair,Furniture,5,63804,2026-12-26,South
210,Aarav Rao,Furniture,1,29147,2026-12-18,South
211,Uma Nair,Clothing,2,2232,2026-12-21,South
212,Vikram Gupta,Electronics,1,56711,2026-12-16,West
213,Meera Gupta,Electronics,3,111295,2026-12-12,West
214,Nikhil Rao,Groceries,2,987,2026-12-06,West
215,Arjun Singh,Groceries,2,479,2026-12-07,East
216,Rohan Patel,Groceries,1,446,2026-12-19,North
